id,age,sex,dataset,cp,trestbps,chol,fbs,restecg,thalch,exang,oldpeak,slope,ca,thal,num
223,39,Female,Cleveland,non-anginal,94.0,199.0,False,normal,179.0,False,0.0,upsloping,0.0,normal,0.0
850,48,Male,VA Long Beach,asymptomatic,,272.0,False,st-t abnormality,,,,,,,0.0
749,56,Male,VA Long Beach,asymptomatic,120.0,100.0,False,normal,120.0,True,1.5,flat,0.0,reversable defect,1.0
421,51,Female,Hungary,non-anginal,110.0,190.0,False,normal,120.0,False,0.0,,,,0.0
312,33,Male,Hungary,non-anginal,120.0,298.0,False,normal,185.0,False,0.0,,,,0.0
599,34,Male,Switzerland,asymptomatic,115.0,0.0,,,154.0,False,0.2,upsloping,,,1.0
115,62,Female,Cleveland,non-anginal,130.0,263.0,False,normal,97.0,False,1.2,flat,1.0,reversable defect,
99,52,Male,Cleveland,atypical angina,134.0,201.0,False,normal,158.0,False,0.8,upsloping,1.0,normal,0.0
725,66,Male,VA Long Beach,non-anginal,110.0,213.0,True,lv hypertrophy,99.0,True,1.3,flat,,,
316,35,Female,Hungary,typical angina,120.0,160.0,False,st-t abnormality,185.0,False,0.0,,,,
562,49,Male,Hungary,asymptomatic,130.0,341.0,False,normal,120.0,True,1.0,flat,,,1.0
364,43,Female,Hungary,atypical angina,120.0,201.0,False,normal,165.0,False,0.0,,,,
308,31,Female,Hungary,atypical angina,100.0,219.0,False,st-t abnormality,150.0,False,0.0,,,,0.0
163,54,Female,Cleveland,non-anginal,110.0,214.0,False,normal,158.0,False,1.6,flat,0.0,normal,
409,49,Male,Hungary,atypical angina,100.0,253.0,False,normal,174.0,False,0.0,,,,0.0
755,52,Male,VA Long Beach,non-anginal,122.0,0.0,False,normal,110.0,True,2.0,downsloping,,,2.0
438,53,Male,Hungary,atypical angina,120.0,,False,normal,132.0,False,0.0,,,,0.0
17,48,Male,Cleveland,atypical angina,110.0,229.0,False,normal,168.0,False,1.0,downsloping,0.0,reversable defect,1.0
642,53,Male,Switzerland,asymptomatic,120.0,0.0,,normal,120.0,False,0.0,flat,,reversable defect,1.0
446,54,Female,Hungary,atypical angina,120.0,273.0,False,normal,150.0,False,1.5,flat,,,0.0
605,38,Male,Switzerland,non-anginal,115.0,0.0,False,normal,128.0,True,0.0,flat,,reversable defect,
643,53,Male,Switzerland,asymptomatic,125.0,0.0,,normal,120.0,False,1.5,upsloping,,,
374,44,Male,Hungary,asymptomatic,150.0,412.0,False,normal,170.0,False,0.0,,,,0.0
186,63,Female,Cleveland,atypical angina,140.0,195.0,False,normal,179.0,False,0.0,upsloping,2.0,normal,0.0
523,57,Male,Hungary,atypical angina,140.0,265.0,False,st-t abnormality,145.0,True,1.0,flat,,,1.0
98,60,Female,Cleveland,asymptomatic,150.0,258.0,False,lv hypertrophy,157.0,False,2.6,flat,2.0,reversable defect,
442,53,Male,Hungary,asymptomatic,130.0,182.0,False,normal,148.0,False,0.0,,,,0.0
621,47,Male,Switzerland,asymptomatic,160.0,0.0,False,normal,124.0,True,0.0,flat,,reversable defect,1.0
435,53,Female,Hungary,atypical angina,113.0,468.0,,normal,127.0,False,0.0,,,,0.0
244,61,Male,Cleveland,typical angina,134.0,234.0,False,normal,145.0,False,2.6,flat,2.0,normal,2.0
742,64,Male,VA Long Beach,asymptomatic,120.0,0.0,True,st-t abnormality,106.0,False,2.0,flat,,,1.0
506,46,Male,Hungary,asymptomatic,118.0,186.0,False,normal,124.0,False,0.0,,,reversable defect,
238,46,Male,Cleveland,asymptomatic,120.0,249.0,False,lv hypertrophy,144.0,False,0.8,upsloping,0.0,reversable defect,1.0
52,65,Male,Cleveland,asymptomatic,120.0,177.0,False,normal,140.0,False,0.4,upsloping,0.0,reversable defect,
698,63,Male,Switzerland,asymptomatic,140.0,0.0,,lv hypertrophy,149.0,False,2.0,upsloping,,,2.0
595,56,Male,Hungary,asymptomatic,155.0,342.0,True,normal,150.0,True,3.0,flat,,,1.0
911,51,Female,VA Long Beach,asymptomatic,114.0,258.0,True,lv hypertrophy,96.0,False,1.0,upsloping,,,0.0
91,66,Male,Cleveland,asymptomatic,120.0,302.0,False,lv hypertrophy,151.0,False,0.4,flat,0.0,normal,
451,54,Male,Hungary,typical angina,120.0,171.0,False,normal,137.0,False,2.0,upsloping,,,0.0
821,68,Male,VA Long Beach,non-anginal,150.0,195.0,True,normal,132.0,False,0.0,,,fixed defect,1.0
681,61,Male,Switzerland,non-anginal,200.0,0.0,,st-t abnormality,70.0,False,0.0,,,normal,3.0
398,48,Female,Hungary,asymptomatic,108.0,163.0,False,normal,175.0,False,2.0,upsloping,,,0.0
447,54,Female,Hungary,atypical angina,130.0,253.0,False,st-t abnormality,155.0,False,0.0,,,,
207,58,Male,Cleveland,asymptomatic,128.0,259.0,False,lv hypertrophy,130.0,True,3.0,flat,2.0,reversable defect,3.0
459,54,Male,Hungary,asymptomatic,150.0,365.0,False,st-t abnormality,134.0,False,1.0,upsloping,,,0.0
501,40,Male,Hungary,asymptomatic,120.0,466.0,,normal,152.0,True,1.0,flat,,fixed defect,1.0
904,56,Male,VA Long Beach,asymptomatic,130.0,203.0,True,normal,98.0,False,1.5,flat,,reversable defect,1.0
786,69,Male,VA Long Beach,non-anginal,140.0,0.0,,st-t abnormality,118.0,False,2.5,downsloping,,,
464,55,Male,Hungary,atypical angina,140.0,196.0,False,normal,150.0,False,0.0,,,reversable defect,
55,60,Male,Cleveland,asymptomatic,130.0,253.0,False,normal,144.0,True,1.4,upsloping,1.0,reversable defect,
397,48,Female,Hungary,non-anginal,120.0,195.0,False,normal,125.0,False,0.0,,,,
557,44,Male,Hungary,atypical angina,150.0,288.0,False,normal,150.0,True,3.0,flat,,,
361,42,Male,Hungary,non-anginal,160.0,147.0,False,normal,146.0,False,0.0,,,,0.0
913,53,Male,VA Long Beach,asymptomatic,144.0,300.0,True,st-t abnormality,128.0,True,1.5,flat,,,3.0
461,55,Female,Hungary,atypical angina,122.0,320.0,False,normal,155.0,False,0.0,,,,0.0
554,58,Male,Hungary,asymptomatic,130.0,263.0,False,normal,140.0,True,2.0,flat,,,1.0
7,62,Female,Cleveland,asymptomatic,140.0,268.0,False,lv hypertrophy,160.0,False,3.6,downsloping,2.0,normal,
302,57,Female,Cleveland,atypical angina,130.0,236.0,False,lv hypertrophy,174.0,False,0.0,flat,1.0,normal,
277,66,Female,Cleveland,non-anginal,146.0,278.0,False,lv hypertrophy,152.0,False,0.0,flat,1.0,normal,0.0
493,33,Female,Hungary,asymptomatic,100.0,246.0,False,normal,150.0,True,1.0,flat,,,
916,54,Female,VA Long Beach,asymptomatic,127.0,333.0,True,st-t abnormality,154.0,False,0.0,,,,1.0
763,61,Male,VA Long Beach,asymptomatic,,0.0,True,st-t abnormality,86.0,False,1.5,flat,,reversable defect,3.0
672,59,Male,Switzerland,asymptomatic,120.0,0.0,False,normal,115.0,False,0.0,flat,,normal,
121,48,Male,Cleveland,asymptomatic,130.0,256.0,True,lv hypertrophy,150.0,True,0.0,upsloping,2.0,reversable defect,3.0
872,71,Male,VA Long Beach,asymptomatic,130.0,221.0,False,st-t abnormality,115.0,True,0.0,,,,3.0
359,42,Male,Hungary,atypical angina,150.0,268.0,False,normal,136.0,False,0.0,,,,0.0
703,64,Female,Switzerland,asymptomatic,95.0,0.0,,normal,145.0,False,1.1,downsloping,,,1.0
586,47,Female,Hungary,asymptomatic,120.0,205.0,False,normal,98.0,True,2.0,flat,,fixed defect,1.0
76,65,Female,Cleveland,non-anginal,160.0,360.0,False,lv hypertrophy,151.0,False,0.8,upsloping,0.0,normal,
297,59,Male,Cleveland,asymptomatic,164.0,176.0,True,lv hypertrophy,90.0,False,1.0,flat,2.0,fixed defect,3.0
811,75,Male,VA Long Beach,asymptomatic,136.0,225.0,False,normal,112.0,True,3.0,flat,,,3.0
88,53,Female,Cleveland,non-anginal,128.0,216.0,False,lv hypertrophy,115.0,False,0.0,upsloping,0.0,,0.0
86,44,Male,Cleveland,non-anginal,140.0,235.0,False,lv hypertrophy,180.0,False,0.0,upsloping,0.0,normal,0.0
558,44,Male,Hungary,asymptomatic,130.0,290.0,False,normal,100.0,True,2.0,flat,,,1.0
860,58,Male,VA Long Beach,non-anginal,150.0,219.0,False,st-t abnormality,118.0,True,0.0,,,,2.0
622,48,Male,Switzerland,asymptomatic,115.0,0.0,,normal,128.0,False,0.0,flat,,fixed defect,2.0
499,38,Male,Hungary,asymptomatic,120.0,282.0,False,normal,170.0,False,0.0,,,,
176,57,Male,Cleveland,asymptomatic,152.0,274.0,False,normal,88.0,True,1.2,flat,1.0,reversable defect,1.0
657,56,Male,Switzerland,asymptomatic,120.0,0.0,False,st-t abnormality,100.0,True,-1.0,downsloping,,reversable defect,2.0
702,64,Female,Switzerland,asymptomatic,200.0,0.0,False,normal,140.0,True,1.0,flat,,normal,
718,72,Male,Switzerland,non-anginal,160.0,0.0,,lv hypertrophy,114.0,False,1.6,flat,2.0,,
518,51,Female,Hungary,asymptomatic,160.0,303.0,False,normal,150.0,True,1.0,flat,,,1.0
545,54,Male,Hungary,non-anginal,120.0,237.0,False,normal,150.0,True,1.5,,,reversable defect,1.0
178,56,Male,Cleveland,asymptomatic,132.0,184.0,False,lv hypertrophy,105.0,True,2.1,flat,1.0,fixed defect,1.0
468,55,Male,Hungary,asymptomatic,120.0,270.0,False,normal,140.0,False,0.0,,,,0.0
564,51,Male,Hungary,non-anginal,135.0,160.0,False,normal,150.0,False,2.0,flat,,,
812,40,Male,VA Long Beach,non-anginal,106.0,240.0,False,normal,80.0,True,0.0,,,reversable defect,0.0
529,32,Male,Hungary,asymptomatic,118.0,529.0,False,normal,130.0,False,0.0,,,,
126,45,Female,Cleveland,atypical angina,130.0,234.0,False,lv hypertrophy,175.0,False,0.6,flat,0.0,normal,0.0
262,58,Female,Cleveland,atypical angina,136.0,319.0,True,lv hypertrophy,152.0,False,0.0,upsloping,2.0,normal,
403,48,Male,Hungary,atypical angina,140.0,238.0,False,normal,118.0,False,0.0,,,,0.0
878,72,Male,VA Long Beach,asymptomatic,160.0,,True,lv hypertrophy,130.0,False,1.5,,,,
401,48,Male,Hungary,atypical angina,100.0,,False,normal,100.0,False,0.0,,,,0.0
466,55,Male,Hungary,non-anginal,110.0,277.0,False,normal,160.0,False,0.0,,,,0.0
280,58,Female,Cleveland,asymptomatic,130.0,197.0,False,normal,131.0,False,0.6,flat,0.0,normal,0.0
478,58,Male,Hungary,atypical angina,130.0,230.0,False,normal,150.0,False,0.0,,,,0.0
157,51,Male,Cleveland,asymptomatic,140.0,299.0,False,normal,173.0,True,1.6,upsloping,0.0,reversable defect,1.0
420,51,Female,Hungary,atypical angina,160.0,194.0,False,normal,170.0,False,0.0,,,,
231,52,Female,Cleveland,non-anginal,136.0,196.0,False,lv hypertrophy,169.0,False,0.1,flat,0.0,normal,0.0
789,65,Male,VA Long Beach,asymptomatic,,0.0,False,normal,,,,,,,1.0
32,60,Male,Cleveland,asymptomatic,117.0,230.0,True,normal,160.0,True,1.4,upsloping,2.0,reversable defect,
15,52,Male,Cleveland,non-anginal,172.0,199.0,True,normal,162.0,False,0.5,upsloping,0.0,reversable defect,0.0
56,54,Male,Cleveland,asymptomatic,124.0,266.0,False,lv hypertrophy,109.0,True,2.2,flat,1.0,reversable defect,1.0
450,54,Female,Hungary,atypical angina,160.0,312.0,False,normal,130.0,False,0.0,,,,
467,55,Male,Hungary,non-anginal,120.0,220.0,False,lv hypertrophy,134.0,False,0.0,,,,
175,64,Male,Cleveland,asymptomatic,145.0,212.0,False,lv hypertrophy,132.0,False,2.0,flat,2.0,fixed defect,
410,49,Male,Hungary,non-anginal,140.0,187.0,False,normal,172.0,False,0.0,,,,0.0
757,60,Male,VA Long Beach,asymptomatic,,281.0,False,st-t abnormality,,,,,,,2.0
607,38,Male,Switzerland,asymptomatic,150.0,0.0,,normal,120.0,True,,,,normal,1.0
773,62,Male,VA Long Beach,asymptomatic,152.0,153.0,False,st-t abnormality,97.0,True,1.6,upsloping,,reversable defect,
533,43,Male,Hungary,typical angina,120.0,291.0,False,st-t abnormality,155.0,False,0.0,,,,
739,63,Male,VA Long Beach,asymptomatic,126.0,0.0,False,st-t abnormality,120.0,False,1.5,downsloping,,,0.0
820,63,Male,VA Long Beach,non-anginal,130.0,0.0,True,st-t abnormality,160.0,False,3.0,flat,,,0.0
733,62,Male,VA Long Beach,asymptomatic,110.0,0.0,False,normal,120.0,True,0.5,flat,,normal,1.0
650,55,Male,Switzerland,asymptomatic,115.0,0.0,,normal,155.0,False,0.1,flat,,,1.0
314,34,Male,Hungary,atypical angina,150.0,214.0,False,st-t abnormality,168.0,False,0.0,,,,0.0
762,40,Male,VA Long Beach,asymptomatic,125.0,0.0,True,normal,165.0,False,0.0,,,reversable defect,1.0
491,62,Male,Hungary,atypical angina,140.0,271.0,False,normal,152.0,False,1.0,upsloping,,,0.0
256,42,Female,Cleveland,non-anginal,120.0,209.0,False,normal,173.0,False,0.0,flat,0.0,normal,0.0
727,65,Male,VA Long Beach,asymptomatic,150.0,236.0,True,st-t abnormality,105.0,True,0.0,,,,
327,37,Male,Hungary,atypical angina,130.0,283.0,False,st-t abnormality,98.0,False,0.0,,,,0.0
656,56,Male,Switzerland,asymptomatic,115.0,0.0,,st-t abnormality,82.0,False,-1.0,upsloping,,,1.0
114,43,Female,Cleveland,asymptomatic,132.0,341.0,True,lv hypertrophy,136.0,True,3.0,flat,0.0,reversable defect,2.0
324,37,Female,Hungary,atypical angina,120.0,260.0,False,normal,130.0,False,0.0,,,,0.0
580,59,Male,Hungary,asymptomatic,140.0,264.0,True,lv hypertrophy,119.0,True,0.0,,,,1.0
161,46,Male,Cleveland,atypical angina,101.0,197.0,True,normal,156.0,False,0.0,upsloping,0.0,reversable defect,0.0
236,54,Male,Cleveland,asymptomatic,122.0,286.0,False,lv hypertrophy,116.0,True,3.2,flat,2.0,normal,3.0
741,58,Male,VA Long Beach,asymptomatic,116.0,0.0,False,normal,124.0,False,1.0,upsloping,,,2.0
213,41,Male,Cleveland,non-anginal,130.0,214.0,False,lv hypertrophy,168.0,False,2.0,flat,0.0,normal,
75,44,Male,Cleveland,asymptomatic,110.0,197.0,False,lv hypertrophy,177.0,False,0.0,upsloping,1.0,normal,1.0
768,51,Male,VA Long Beach,asymptomatic,128.0,0.0,False,normal,107.0,False,0.0,,,,
571,54,Male,Hungary,asymptomatic,140.0,216.0,False,normal,105.0,False,1.5,flat,,,
130,62,Female,Cleveland,asymptomatic,124.0,209.0,False,normal,163.0,False,0.0,upsloping,0.0,normal,0.0
500,38,Male,Hungary,asymptomatic,92.0,117.0,False,normal,134.0,True,2.5,flat,,,1.0
35,44,Male,Cleveland,non-anginal,130.0,233.0,False,normal,179.0,True,0.4,upsloping,0.0,normal,
329,37,Male,Hungary,asymptomatic,120.0,223.0,False,normal,168.0,False,0.0,,,normal,
748,60,Male,VA Long Beach,asymptomatic,130.0,186.0,True,st-t abnormality,140.0,True,0.5,flat,,,1.0
732,59,Male,VA Long Beach,asymptomatic,140.0,0.0,False,st-t abnormality,117.0,True,1.0,flat,,,
313,34,Female,Hungary,atypical angina,130.0,161.0,False,normal,190.0,False,0.0,,,,0.0
192,51,Male,Cleveland,asymptomatic,140.0,298.0,False,normal,122.0,True,4.2,flat,3.0,reversable defect,3.0
87,47,Male,Cleveland,non-anginal,138.0,257.0,False,lv hypertrophy,156.0,False,0.0,upsloping,0.0,normal,0.0
396,48,Female,Hungary,atypical angina,120.0,284.0,False,normal,120.0,False,0.0,,,,
274,71,Female,Cleveland,asymptomatic,112.0,149.0,False,normal,125.0,False,1.6,flat,0.0,normal,0.0
686,61,Male,Switzerland,asymptomatic,130.0,0.0,,normal,77.0,False,2.5,flat,,,3.0
62,46,Female,Cleveland,non-anginal,142.0,177.0,False,lv hypertrophy,160.0,True,1.4,downsloping,0.0,normal,0.0
365,43,Female,Hungary,atypical angina,120.0,215.0,False,st-t abnormality,175.0,False,0.0,,,,
85,52,Male,Cleveland,atypical angina,120.0,325.0,False,normal,172.0,False,0.2,upsloping,0.0,normal,0.0
585,44,Male,Hungary,asymptomatic,135.0,491.0,False,normal,135.0,False,0.0,,,,1.0
566,52,Male,Hungary,asymptomatic,130.0,298.0,False,normal,110.0,True,1.0,flat,,,1.0
472,56,Male,Hungary,non-anginal,130.0,,False,normal,114.0,False,0.0,,,,0.0
149,45,Male,Cleveland,atypical angina,128.0,308.0,False,lv hypertrophy,170.0,False,0.0,upsloping,0.0,normal,0.0
109,61,Male,Cleveland,asymptomatic,120.0,260.0,False,normal,140.0,True,3.6,flat,1.0,reversable defect,2.0
813,67,Male,VA Long Beach,asymptomatic,120.0,0.0,True,normal,150.0,False,1.5,downsloping,,,3.0
191,50,Male,Cleveland,non-anginal,129.0,196.0,False,normal,163.0,False,0.0,upsloping,0.0,normal,0.0
706,65,Male,Switzerland,asymptomatic,145.0,0.0,,st-t abnormality,67.0,False,,,,fixed defect,3.0
434,52,Male,Hungary,non-anginal,140.0,259.0,False,st-t abnormality,170.0,False,0.0,,,,0.0
300,68,Male,Cleveland,asymptomatic,144.0,193.0,True,normal,141.0,False,3.4,flat,2.0,reversable defect,2.0
849,61,Female,VA Long Beach,atypical angina,140.0,298.0,True,normal,120.0,True,0.0,,,reversable defect,0.0
783,57,Male,VA Long Beach,asymptomatic,130.0,311.0,,st-t abnormality,148.0,True,2.0,flat,,,1.0
106,54,Male,Cleveland,atypical angina,108.0,309.0,False,normal,156.0,False,0.0,upsloping,0.0,reversable defect,
153,67,Female,Cleveland,non-anginal,115.0,564.0,False,lv hypertrophy,160.0,False,1.6,flat,0.0,reversable defect,0.0
651,55,Male,Switzerland,asymptomatic,120.0,0.0,False,st-t abnormality,92.0,False,0.3,upsloping,,reversable defect,4.0
470,56,Female,Hungary,non-anginal,130.0,219.0,,st-t abnormality,164.0,False,0.0,,,reversable defect,
778,60,Male,VA Long Beach,non-anginal,,316.0,True,st-t abnormality,,,,,,,
347,40,Male,Hungary,non-anginal,130.0,281.0,False,normal,167.0,False,0.0,,,,
668,58,Male,Switzerland,asymptomatic,130.0,0.0,False,st-t abnormality,100.0,True,1.0,flat,,fixed defect,4.0
666,57,Male,Switzerland,asymptomatic,95.0,0.0,,normal,182.0,False,0.7,downsloping,,,1.0
458,54,Male,Hungary,non-anginal,150.0,,False,normal,122.0,False,0.0,,,,
128,54,Male,Cleveland,asymptomatic,110.0,239.0,False,normal,126.0,True,2.8,flat,1.0,reversable defect,3.0
138,62,Male,Cleveland,atypical angina,120.0,281.0,False,lv hypertrophy,103.0,False,1.4,flat,1.0,reversable defect,3.0
808,51,Male,VA Long Beach,asymptomatic,,227.0,True,st-t abnormality,,,,,,,
705,65,Male,Switzerland,asymptomatic,115.0,0.0,False,normal,93.0,True,0.0,flat,,reversable defect,1.0
543,52,Male,Hungary,asymptomatic,170.0,,False,normal,126.0,True,1.5,flat,,,
8,57,Female,Cleveland,asymptomatic,120.0,354.0,False,normal,163.0,True,0.6,upsloping,0.0,normal,
915,46,Male,VA Long Beach,asymptomatic,134.0,310.0,False,normal,126.0,False,0.0,,,normal,2.0
439,53,Male,Hungary,atypical angina,140.0,320.0,False,normal,162.0,False,0.0,,,,0.0
154,55,Male,Cleveland,asymptomatic,160.0,289.0,False,lv hypertrophy,145.0,True,0.8,flat,1.0,reversable defect,4.0
269,40,Male,Cleveland,asymptomatic,152.0,223.0,False,normal,181.0,False,0.0,upsloping,0.0,reversable defect,1.0
36,42,Male,Cleveland,asymptomatic,140.0,226.0,False,normal,178.0,False,0.0,upsloping,0.0,normal,0.0
711,67,Male,Switzerland,typical angina,145.0,0.0,False,lv hypertrophy,125.0,False,0.0,flat,,normal,
345,40,Male,Hungary,atypical angina,140.0,289.0,False,normal,172.0,False,0.0,,,,
286,58,Male,Cleveland,asymptomatic,114.0,318.0,False,st-t abnormality,140.0,False,4.4,downsloping,3.0,fixed defect,
481,58,Male,Hungary,asymptomatic,135.0,222.0,False,normal,100.0,False,0.0,,,,0.0
555,41,Male,Hungary,asymptomatic,130.0,172.0,False,st-t abnormality,130.0,False,2.0,flat,,,1.0
69,59,Male,Cleveland,asymptomatic,170.0,326.0,False,lv hypertrophy,140.0,True,3.4,downsloping,0.0,reversable defect,2.0
384,46,Male,Hungary,non-anginal,120.0,230.0,False,normal,150.0,False,0.0,,,,
525,59,Female,Hungary,asymptomatic,130.0,338.0,True,st-t abnormality,130.0,True,1.5,flat,,,1.0
761,61,Male,VA Long Beach,non-anginal,120.0,0.0,False,normal,80.0,True,0.0,flat,,,3.0
437,53,Female,Hungary,non-anginal,120.0,274.0,False,normal,130.0,False,0.0,,,,0.0
738,46,Male,VA Long Beach,asymptomatic,110.0,236.0,False,normal,125.0,True,2.0,flat,,,
253,64,Male,Cleveland,asymptomatic,128.0,263.0,False,normal,105.0,True,0.2,flat,1.0,reversable defect,0.0
687,61,Male,Switzerland,asymptomatic,150.0,0.0,False,normal,105.0,True,0.0,flat,,reversable defect,
237,56,Male,Cleveland,asymptomatic,130.0,283.0,True,lv hypertrophy,103.0,True,1.6,downsloping,0.0,reversable defect,2.0
689,61,Male,Switzerland,asymptomatic,160.0,0.0,True,st-t abnormality,145.0,False,1.0,flat,,reversable defect,2.0
818,62,Male,VA Long Beach,typical angina,112.0,258.0,False,st-t abnormality,150.0,True,,,,,1.0
710,66,Male,Switzerland,asymptomatic,150.0,0.0,False,normal,108.0,True,2.0,flat,,reversable defect,
123,51,Male,Cleveland,non-anginal,100.0,222.0,False,normal,143.0,True,1.2,flat,0.0,normal,0.0
292,55,Female,Cleveland,atypical angina,132.0,342.0,False,normal,166.0,False,1.2,upsloping,0.0,normal,0.0
321,36,Male,Hungary,non-anginal,112.0,340.0,False,normal,184.0,False,1.0,flat,,normal,0.0
490,62,Female,Hungary,typical angina,160.0,193.0,False,normal,116.0,False,0.0,,,,
648,54,Male,Switzerland,asymptomatic,180.0,0.0,,normal,150.0,False,1.5,flat,,reversable defect,1.0
94,44,Female,Cleveland,non-anginal,108.0,141.0,False,normal,175.0,False,0.6,flat,0.0,normal,0.0
794,54,Male,VA Long Beach,asymptomatic,136.0,220.0,False,normal,140.0,True,3.0,flat,,,3.0
482,59,Female,Hungary,atypical angina,130.0,188.0,False,normal,124.0,False,1.0,flat,,,
331,38,Female,Hungary,atypical angina,120.0,275.0,,normal,129.0,False,0.0,,,,
358,42,Male,Hungary,atypical angina,120.0,198.0,False,normal,155.0,False,0.0,,,,0.0
492,31,Male,Hungary,asymptomatic,120.0,270.0,False,normal,153.0,True,1.5,flat,,,1.0
824,63,Male,VA Long Beach,asymptomatic,96.0,305.0,False,st-t abnormality,121.0,True,1.0,upsloping,,,
699,63,Male,Switzerland,asymptomatic,150.0,0.0,False,normal,86.0,True,2.0,flat,,,3.0
21,64,Male,Cleveland,typical angina,110.0,211.0,False,lv hypertrophy,144.0,True,1.8,flat,0.0,normal,0.0
822,65,Male,VA Long Beach,asymptomatic,150.0,235.0,False,normal,120.0,True,1.5,flat,,,3.0
695,62,Male,Switzerland,asymptomatic,115.0,0.0,,normal,72.0,True,-0.5,flat,,normal,1.0
31,69,Female,Cleveland,typical angina,140.0,239.0,False,normal,151.0,False,1.8,upsloping,2.0,normal,0.0
844,57,Male,VA Long Beach,asymptomatic,110.0,197.0,False,lv hypertrophy,100.0,False,0.0,,,,0.0
900,60,Male,VA Long Beach,asymptomatic,130.0,186.0,True,lv hypertrophy,140.0,True,0.5,flat,,,1.0
560,47,Female,Hungary,non-anginal,135.0,248.0,True,normal,170.0,False,0.0,,,,1.0
799,60,Male,VA Long Beach,asymptomatic,142.0,216.0,False,normal,110.0,True,2.5,flat,,,
532,40,Female,Hungary,asymptomatic,150.0,392.0,False,normal,130.0,False,2.0,flat,,fixed defect,1.0
337,39,Male,Hungary,atypical angina,120.0,204.0,False,normal,145.0,False,0.0,,,,0.0
770,42,Male,VA Long Beach,non-anginal,134.0,240.0,,normal,160.0,False,0.0,,,,0.0
909,74,Male,VA Long Beach,asymptomatic,155.0,310.0,False,normal,112.0,True,1.5,downsloping,,,2.0
647,54,Male,Switzerland,asymptomatic,130.0,0.0,,normal,110.0,True,3.0,flat,,reversable defect,
304,28,Male,Cleveland,atypical angina,130.0,132.0,False,lv hypertrophy,185.0,False,0.0,,,,0.0
582,66,Male,Hungary,asymptomatic,140.0,,False,normal,94.0,True,1.0,flat,,,
22,58,Female,Cleveland,typical angina,150.0,283.0,True,lv hypertrophy,162.0,False,1.0,upsloping,0.0,normal,
903,55,Male,VA Long Beach,asymptomatic,120.0,226.0,False,lv hypertrophy,127.0,True,1.7,downsloping,,reversable defect,
743,63,Male,VA Long Beach,non-anginal,130.0,0.0,False,st-t abnormality,111.0,True,0.0,,,,3.0
246,67,Male,Cleveland,asymptomatic,120.0,237.0,False,normal,71.0,False,1.0,flat,0.0,normal,2.0
298,57,Female,Cleveland,asymptomatic,140.0,241.0,False,normal,123.0,True,0.2,flat,0.0,reversable defect,
674,59,Male,Switzerland,asymptomatic,135.0,0.0,False,normal,115.0,True,1.0,flat,,reversable defect,
645,53,Male,Switzerland,asymptomatic,80.0,0.0,,normal,141.0,True,2.0,downsloping,,,0.0
882,67,Male,VA Long Beach,asymptomatic,,369.0,False,normal,,,,,,,
561,48,Female,Hungary,asymptomatic,138.0,214.0,False,normal,108.0,True,1.5,flat,,,
510,48,Male,Hungary,asymptomatic,106.0,263.0,True,normal,110.0,False,0.0,,,,1.0
215,52,Male,Cleveland,asymptomatic,112.0,230.0,False,normal,160.0,False,0.0,upsloping,1.0,normal,1.0
603,38,Female,Switzerland,asymptomatic,110.0,0.0,False,normal,156.0,False,0.0,flat,,normal,1.0
865,54,Male,VA Long Beach,non-anginal,,203.0,False,st-t abnormality,,,,,,,0.0
682,61,Male,Switzerland,asymptomatic,105.0,0.0,,normal,110.0,True,1.5,upsloping,,,
205,43,Male,Cleveland,asymptomatic,110.0,211.0,False,normal,161.0,False,0.0,upsloping,0.0,reversable defect,
542,52,Male,Hungary,asymptomatic,120.0,182.0,False,normal,150.0,False,0.0,,,,1.0
534,45,Male,Hungary,asymptomatic,130.0,219.0,False,st-t abnormality,130.0,True,1.0,flat,,,
781,51,Male,VA Long Beach,asymptomatic,,218.0,True,lv hypertrophy,,,,,,,0.0
879,69,Male,VA Long Beach,asymptomatic,,210.0,True,st-t abnormality,,,,,,,2.0
751,54,Male,VA Long Beach,asymptomatic,,0.0,False,st-t abnormality,,,,,,,3.0
753,63,Male,VA Long Beach,asymptomatic,160.0,230.0,True,normal,105.0,True,1.0,flat,,,
379,45,Male,Hungary,non-anginal,135.0,,False,normal,110.0,False,0.0,,,,0.0
876,69,Male,VA Long Beach,asymptomatic,,,True,normal,,,,,,,2.0
772,63,Female,VA Long Beach,atypical angina,,0.0,False,normal,,,,,,,0.0
413,50,Female,Hungary,atypical angina,110.0,202.0,False,normal,145.0,False,0.0,,,,0.0
592,52,Male,Hungary,asymptomatic,140.0,266.0,False,normal,134.0,True,2.0,flat,,,
691,62,Female,Switzerland,asymptomatic,120.0,0.0,,st-t abnormality,123.0,True,1.7,downsloping,,,1.0
765,57,Male,VA Long Beach,asymptomatic,,277.0,True,st-t abnormality,,,,,,,4.0
577,56,Male,Hungary,asymptomatic,170.0,388.0,False,st-t abnormality,122.0,True,2.0,flat,,,
258,76,Female,Cleveland,non-anginal,140.0,197.0,False,st-t abnormality,116.0,False,1.1,flat,0.0,normal,
276,64,Male,Cleveland,typical angina,170.0,227.0,False,lv hypertrophy,155.0,False,0.6,flat,0.0,reversable defect,0.0
83,39,Male,Cleveland,non-anginal,140.0,321.0,False,lv hypertrophy,182.0,False,0.0,upsloping,0.0,normal,
303,38,Male,Cleveland,non-anginal,138.0,175.0,False,normal,173.0,False,0.0,upsloping,,normal,0.0
544,53,Male,Hungary,asymptomatic,120.0,246.0,False,normal,116.0,True,0.0,,,,1.0
4,37,Male,Cleveland,non-anginal,130.0,250.0,False,normal,187.0,False,3.5,downsloping,0.0,normal,
243,49,Female,Cleveland,asymptomatic,130.0,269.0,False,normal,163.0,False,0.0,upsloping,0.0,normal,
356,42,Female,Hungary,non-anginal,115.0,211.0,False,st-t abnormality,137.0,False,0.0,,,,0.0
381,45,Male,Hungary,asymptomatic,140.0,224.0,False,normal,144.0,False,0.0,,,,
612,43,Male,Switzerland,asymptomatic,100.0,0.0,,normal,122.0,False,1.5,downsloping,,,
254,51,Female,Cleveland,non-anginal,120.0,295.0,False,lv hypertrophy,157.0,False,0.6,upsloping,0.0,normal,0.0
30,40,Male,Cleveland,asymptomatic,110.0,167.0,False,lv hypertrophy,114.0,True,2.0,flat,0.0,reversable defect,3.0
873,38,Male,VA Long Beach,asymptomatic,110.0,289.0,False,normal,105.0,True,1.5,downsloping,,,1.0
514,49,Male,Hungary,non-anginal,115.0,265.0,False,normal,175.0,False,0.0,,,,1.0
67,60,Male,Cleveland,non-anginal,140.0,185.0,False,lv hypertrophy,155.0,False,3.0,flat,0.0,normal,
133,29,Male,Cleveland,atypical angina,130.0,204.0,False,lv hypertrophy,202.0,False,0.0,upsloping,0.0,normal,
350,41,Female,Hungary,atypical angina,125.0,184.0,False,normal,180.0,False,0.0,,,,
556,43,Male,Hungary,asymptomatic,120.0,175.0,False,normal,120.0,True,1.0,flat,,reversable defect,1.0
563,49,Male,Hungary,asymptomatic,140.0,234.0,False,normal,140.0,True,1.0,flat,,,1.0
740,60,Male,VA Long Beach,asymptomatic,152.0,0.0,False,st-t abnormality,118.0,True,0.0,,,reversable defect,0.0
336,39,Male,Hungary,atypical angina,120.0,200.0,False,normal,160.0,True,1.0,flat,,,0.0
127,56,Female,Cleveland,asymptomatic,200.0,288.0,True,lv hypertrophy,133.0,True,4.0,downsloping,2.0,reversable defect,
720,74,Male,Switzerland,atypical angina,145.0,0.0,,st-t abnormality,123.0,False,1.3,upsloping,,,
142,59,Male,Cleveland,typical angina,170.0,288.0,False,lv hypertrophy,159.0,False,0.2,flat,0.0,reversable defect,1.0
90,51,Female,Cleveland,non-anginal,130.0,256.0,False,lv hypertrophy,149.0,False,0.5,upsloping,0.0,normal,0.0
679,60,Male,Switzerland,asymptomatic,160.0,0.0,False,st-t abnormality,99.0,True,0.5,flat,,reversable defect,3.0
349,41,Female,Hungary,atypical angina,110.0,250.0,False,st-t abnormality,142.0,False,0.0,,,,0.0
415,50,Male,Hungary,atypical angina,120.0,168.0,False,normal,160.0,False,0.0,,0.0,,
641,53,Male,Switzerland,non-anginal,160.0,0.0,,lv hypertrophy,122.0,True,0.0,,,reversable defect,1.0
489,61,Male,Hungary,asymptomatic,125.0,292.0,False,st-t abnormality,115.0,True,0.0,,,,
776,68,Male,VA Long Beach,asymptomatic,138.0,0.0,False,normal,130.0,True,3.0,flat,,,2.0
570,53,Male,Hungary,asymptomatic,180.0,285.0,False,st-t abnormality,120.0,True,1.5,flat,,,1.0
591,50,Male,Hungary,asymptomatic,140.0,341.0,False,st-t abnormality,125.0,True,2.5,flat,,,1.0
760,59,Male,VA Long Beach,asymptomatic,154.0,0.0,False,st-t abnormality,131.0,True,1.5,,0.0,,0.0
193,43,Male,Cleveland,asymptomatic,132.0,247.0,True,lv hypertrophy,143.0,True,0.1,flat,,reversable defect,1.0
57,50,Male,Cleveland,non-anginal,140.0,233.0,False,normal,163.0,False,0.6,flat,1.0,reversable defect,1.0
372,44,Male,Hungary,atypical angina,120.0,184.0,False,normal,142.0,False,1.0,flat,,,0.0
306,29,Male,Hungary,atypical angina,140.0,,False,normal,170.0,False,0.0,,,,0.0
363,43,Female,Hungary,typical angina,100.0,223.0,False,normal,142.0,False,0.0,,,,0.0
620,47,Male,Switzerland,asymptomatic,110.0,0.0,,st-t abnormality,149.0,False,2.1,upsloping,,,2.0
759,58,Male,VA Long Beach,asymptomatic,,203.0,True,normal,,,,,,,1.0
107,59,Male,Cleveland,asymptomatic,140.0,177.0,False,normal,162.0,True,0.0,upsloping,1.0,reversable defect,2.0
920,62,Male,VA Long Beach,atypical angina,120.0,254.0,False,lv hypertrophy,93.0,True,0.0,,,,
46,58,Male,Cleveland,non-anginal,112.0,230.0,False,lv hypertrophy,165.0,False,2.5,flat,1.0,reversable defect,4.0
659,56,Male,Switzerland,asymptomatic,125.0,0.0,True,normal,103.0,True,1.0,flat,,reversable defect,
688,61,Male,Switzerland,asymptomatic,150.0,0.0,False,normal,117.0,True,2.0,flat,,reversable defect,
299,45,Male,Cleveland,typical angina,110.0,264.0,False,normal,132.0,False,1.2,flat,0.0,reversable defect,1.0
334,39,Female,Hungary,non-anginal,110.0,182.0,False,st-t abnormality,180.0,False,0.0,,,,0.0
862,56,Male,VA Long Beach,non-anginal,,208.0,True,st-t abnormality,,,,,,,
448,54,Female,Hungary,atypical angina,140.0,309.0,,st-t abnormality,140.0,False,0.0,,,,0.0
828,59,Male,VA Long Beach,asymptomatic,124.0,,False,normal,117.0,True,1.0,flat,,,
218,46,Female,Cleveland,asymptomatic,138.0,243.0,False,lv hypertrophy,152.0,True,0.0,flat,0.0,normal,
71,65,Female,Cleveland,non-anginal,155.0,269.0,False,normal,148.0,False,0.8,upsloping,0.0,normal,0.0
68,54,Male,Cleveland,non-anginal,150.0,232.0,False,lv hypertrophy,165.0,False,1.6,upsloping,0.0,reversable defect,0.0
242,41,Female,Cleveland,atypical angina,126.0,306.0,False,normal,163.0,False,0.0,upsloping,0.0,normal,0.0
34,59,Male,Cleveland,asymptomatic,135.0,234.0,False,normal,161.0,False,0.5,flat,0.0,reversable defect,0.0
42,40,Male,Cleveland,typical angina,140.0,199.0,False,normal,178.0,True,1.4,upsloping,0.0,reversable defect,0.0
835,50,Male,VA Long Beach,asymptomatic,,218.0,False,normal,,,,,,,
179,43,Male,Cleveland,non-anginal,130.0,315.0,False,normal,162.0,False,1.9,upsloping,1.0,normal,0.0
315,34,Male,Hungary,atypical angina,98.0,220.0,False,normal,150.0,False,0.0,,,,0.0
559,46,Male,Hungary,typical angina,140.0,272.0,True,normal,175.0,False,2.0,flat,,,1.0
355,41,Male,Hungary,asymptomatic,112.0,250.0,False,normal,142.0,False,0.0,,,,
598,32,Male,Switzerland,typical angina,95.0,0.0,,normal,127.0,False,0.7,upsloping,,,1.0
305,29,Male,Hungary,atypical angina,120.0,243.0,False,normal,160.0,False,0.0,,,,0.0
747,51,Male,VA Long Beach,asymptomatic,,0.0,True,st-t abnormality,,,,,,,
575,56,Female,Hungary,atypical angina,120.0,279.0,False,normal,150.0,False,1.0,flat,,,1.0
45,61,Female,Cleveland,asymptomatic,130.0,330.0,False,lv hypertrophy,169.0,False,0.0,upsloping,0.0,normal,1.0
793,65,Male,VA Long Beach,typical angina,,252.0,False,normal,,,,,,,0.0
516,50,Female,Hungary,non-anginal,140.0,288.0,False,normal,140.0,True,0.0,,,reversable defect,
330,37,Male,Hungary,asymptomatic,130.0,315.0,False,normal,158.0,False,0.0,,,,
509,47,Male,Hungary,asymptomatic,150.0,226.0,False,normal,98.0,True,1.5,flat,0.0,reversable defect,1.0
883,57,Male,VA Long Beach,asymptomatic,156.0,173.0,False,lv hypertrophy,119.0,True,3.0,downsloping,,,3.0
10,53,Male,Cleveland,asymptomatic,140.0,203.0,True,lv hypertrophy,155.0,True,3.1,downsloping,0.0,reversable defect,1.0
250,62,Male,Cleveland,atypical angina,128.0,208.0,True,lv hypertrophy,140.0,False,0.0,upsloping,0.0,normal,
707,65,Male,Switzerland,asymptomatic,155.0,0.0,,normal,154.0,False,1.0,upsloping,,,0.0
184,59,Male,Cleveland,typical angina,178.0,270.0,False,lv hypertrophy,145.0,False,4.2,downsloping,0.0,reversable defect,
524,58,Male,Hungary,non-anginal,130.0,213.0,False,st-t abnormality,140.0,False,0.0,,,fixed defect,
232,55,Female,Cleveland,asymptomatic,180.0,327.0,False,st-t abnormality,117.0,True,3.4,flat,0.0,normal,2.0
394,48,Female,Hungary,atypical angina,,308.0,False,st-t abnormality,,,2.0,upsloping,,,
565,52,Male,Hungary,asymptomatic,112.0,342.0,False,st-t abnormality,96.0,True,1.0,flat,,,1.0
907,61,Male,VA Long Beach,non-anginal,120.0,337.0,False,normal,98.0,True,0.0,,,,3.0
12,56,Female,Cleveland,atypical angina,140.0,294.0,False,lv hypertrophy,153.0,False,1.3,flat,0.0,normal,0.0
212,38,Male,Cleveland,typical angina,120.0,231.0,False,normal,182.0,True,3.8,flat,0.0,reversable defect,
908,58,Male,VA Long Beach,non-anginal,150.0,219.0,False,st-t abnormality,118.0,True,0.0,,,,
795,72,Male,VA Long Beach,non-anginal,120.0,214.0,False,normal,102.0,True,1.0,flat,,,3.0
260,57,Male,Cleveland,atypical angina,124.0,261.0,False,normal,141.0,False,0.3,upsloping,0.0,reversable defect,1.0
869,57,Male,VA Long Beach,asymptomatic,144.0,270.0,True,st-t abnormality,160.0,True,2.0,flat,,,
590,50,Male,Hungary,asymptomatic,140.0,231.0,False,st-t abnormality,140.0,True,5.0,flat,,,1.0
270,42,Male,Cleveland,non-anginal,130.0,180.0,False,normal,150.0,False,0.0,upsloping,0.0,normal,0.0
670,59,Male,Switzerland,non-anginal,125.0,0.0,,normal,175.0,False,2.6,flat,,,1.0
165,48,Male,Cleveland,non-anginal,124.0,255.0,True,normal,175.0,False,0.0,upsloping,2.0,normal,0.0
653,56,Male,Switzerland,non-anginal,120.0,0.0,False,normal,97.0,False,0.0,flat,,reversable defect,0.0
271,61,Male,Cleveland,asymptomatic,140.0,207.0,False,lv hypertrophy,138.0,True,1.9,upsloping,1.0,reversable defect,1.0
469,55,Male,Hungary,asymptomatic,140.0,229.0,False,normal,110.0,True,0.5,flat,,,0.0
370,43,Male,Hungary,atypical angina,142.0,207.0,False,normal,138.0,False,0.0,,,,0.0
54,44,Male,Cleveland,atypical angina,130.0,219.0,False,lv hypertrophy,188.0,False,0.0,upsloping,0.0,normal,
189,54,Male,Cleveland,atypical angina,192.0,283.0,False,lv hypertrophy,195.0,False,0.0,upsloping,1.0,reversable defect,1.0
9,63,Male,Cleveland,asymptomatic,130.0,254.0,False,lv hypertrophy,147.0,False,1.4,flat,1.0,reversable defect,
756,64,Male,VA Long Beach,asymptomatic,144.0,0.0,False,st-t abnormality,122.0,True,1.0,flat,,,3.0
411,49,Male,Hungary,asymptomatic,120.0,297.0,,normal,132.0,False,1.0,flat,,,0.0
696,62,Male,Switzerland,asymptomatic,150.0,0.0,,st-t abnormality,78.0,False,2.0,flat,,reversable defect,3.0
13,56,Male,Cleveland,non-anginal,130.0,256.0,True,lv hypertrophy,142.0,True,0.6,flat,1.0,fixed defect,
263,60,Female,Cleveland,typical angina,150.0,240.0,False,normal,171.0,False,0.9,upsloping,0.0,normal,0.0
602,38,Female,Switzerland,asymptomatic,105.0,0.0,,normal,166.0,False,2.8,upsloping,,,2.0
573,55,Male,Hungary,atypical angina,160.0,292.0,True,normal,143.0,True,2.0,flat,,,
700,63,Male,Switzerland,asymptomatic,150.0,0.0,,st-t abnormality,154.0,False,3.7,upsloping,,,
488,61,Female,Hungary,asymptomatic,130.0,294.0,False,st-t abnormality,120.0,True,1.0,flat,,,
427,52,Female,Hungary,atypical angina,120.0,210.0,False,normal,148.0,False,0.0,,,,0.0
390,47,Female,Hungary,non-anginal,130.0,,False,normal,145.0,False,2.0,flat,,,0.0
378,45,Male,Hungary,atypical angina,140.0,224.0,True,normal,122.0,False,0.0,,,,0.0
910,68,Male,VA Long Beach,non-anginal,134.0,254.0,True,normal,151.0,True,0.0,,,normal,0.0
279,57,Male,Cleveland,atypical angina,154.0,232.0,False,lv hypertrophy,164.0,False,0.0,upsloping,1.0,normal,
597,65,Male,Hungary,asymptomatic,130.0,275.0,False,st-t abnormality,115.0,True,1.0,flat,,,
49,65,Female,Cleveland,non-anginal,140.0,417.0,True,lv hypertrophy,157.0,False,0.8,upsloping,1.0,normal,0.0
103,57,Female,Cleveland,asymptomatic,128.0,303.0,False,lv hypertrophy,159.0,False,0.0,upsloping,1.0,normal,0.0
296,41,Male,Cleveland,atypical angina,120.0,157.0,False,normal,182.0,False,0.0,upsloping,0.0,normal,0.0
140,51,Male,Cleveland,non-anginal,125.0,245.0,True,lv hypertrophy,166.0,False,2.4,flat,0.0,normal,
576,56,Male,Hungary,asymptomatic,150.0,230.0,False,st-t abnormality,124.0,True,1.5,flat,,,1.0
540,48,Male,Hungary,asymptomatic,160.0,355.0,False,normal,99.0,True,2.0,flat,,,
826,61,Male,VA Long Beach,asymptomatic,120.0,282.0,False,st-t abnormality,135.0,True,4.0,downsloping,,fixed defect,3.0
221,41,Female,Cleveland,non-anginal,112.0,268.0,False,lv hypertrophy,172.0,True,0.0,upsloping,0.0,normal,0.0
387,46,Male,Hungary,asymptomatic,110.0,240.0,False,st-t abnormality,140.0,False,0.0,,,normal,
515,49,Male,Hungary,asymptomatic,130.0,206.0,False,normal,170.0,False,0.0,,,,1.0
77,60,Male,Cleveland,asymptomatic,125.0,258.0,False,lv hypertrophy,141.0,True,2.8,flat,1.0,reversable defect,
283,55,Female,Cleveland,asymptomatic,128.0,205.0,False,st-t abnormality,130.0,True,2.0,flat,1.0,reversable defect,
402,48,Male,Hungary,atypical angina,130.0,245.0,False,normal,160.0,False,0.0,,,,
884,69,Male,VA Long Beach,asymptomatic,,289.0,True,st-t abnormality,,,,,,,3.0
58,41,Male,Cleveland,asymptomatic,110.0,172.0,False,lv hypertrophy,158.0,False,0.0,upsloping,0.0,reversable defect,
719,73,Female,Switzerland,non-anginal,160.0,0.0,False,st-t abnormality,121.0,False,0.0,upsloping,,normal,
360,42,Male,Hungary,non-anginal,120.0,228.0,False,normal,152.0,True,1.5,flat,,,0.0
167,52,Male,Cleveland,non-anginal,138.0,223.0,False,normal,169.0,False,0.0,upsloping,,normal,0.0
457,54,Male,Hungary,non-anginal,120.0,217.0,False,normal,137.0,False,0.0,,,,0.0
917,62,Male,VA Long Beach,typical angina,,139.0,False,st-t abnormality,,,,,,,0.0
216,56,Male,Cleveland,typical angina,120.0,193.0,False,lv hypertrophy,162.0,False,1.9,flat,0.0,reversable defect,0.0
66,60,Male,Cleveland,asymptomatic,145.0,282.0,False,lv hypertrophy,142.0,True,2.8,flat,2.0,reversable defect,2.0
729,60,Male,VA Long Beach,non-anginal,120.0,0.0,,normal,141.0,True,2.0,upsloping,,,3.0
715,69,Male,Switzerland,asymptomatic,,0.0,False,st-t abnormality,,,,,,reversable defect,
293,44,Male,Cleveland,asymptomatic,120.0,169.0,False,normal,144.0,True,2.8,downsloping,0.0,fixed defect,2.0
636,52,Male,Switzerland,asymptomatic,165.0,0.0,,normal,122.0,True,1.0,upsloping,,reversable defect,
124,55,Male,Cleveland,asymptomatic,140.0,217.0,False,normal,111.0,True,5.6,downsloping,0.0,reversable defect,3.0
294,63,Male,Cleveland,asymptomatic,140.0,187.0,False,lv hypertrophy,144.0,True,4.0,upsloping,2.0,reversable defect,2.0
847,54,Female,VA Long Beach,asymptomatic,138.0,274.0,False,normal,105.0,True,1.5,flat,,,1.0
371,44,Female,Hungary,asymptomatic,120.0,218.0,False,st-t abnormality,115.0,False,0.0,,,,0.0
839,59,Male,VA Long Beach,asymptomatic,125.0,222.0,False,normal,135.0,True,2.5,downsloping,,,
433,52,Male,Hungary,atypical angina,160.0,196.0,False,normal,165.0,False,0.0,,,,0.0
758,60,Male,VA Long Beach,asymptomatic,120.0,0.0,False,normal,133.0,True,2.0,upsloping,,reversable defect,
662,57,Male,Switzerland,asymptomatic,110.0,0.0,,st-t abnormality,131.0,True,1.4,upsloping,1.0,,3.0
701,63,Male,Switzerland,asymptomatic,185.0,0.0,False,normal,98.0,True,0.0,upsloping,,reversable defect,1.0
187,42,Male,Cleveland,non-anginal,120.0,240.0,True,normal,194.0,False,0.8,downsloping,0.0,reversable defect,
685,61,Male,Switzerland,asymptomatic,130.0,0.0,False,lv hypertrophy,115.0,False,0.0,flat,,reversable defect,3.0
680,60,Male,Switzerland,asymptomatic,160.0,0.0,,normal,149.0,False,0.4,flat,,,
323,36,Male,Hungary,non-anginal,150.0,160.0,False,normal,172.0,False,0.0,,,,
632,51,Male,Switzerland,asymptomatic,140.0,0.0,False,normal,60.0,False,0.0,flat,,normal,2.0
208,50,Male,Cleveland,asymptomatic,144.0,200.0,False,lv hypertrophy,126.0,True,0.9,flat,0.0,reversable defect,3.0
531,39,Male,Hungary,asymptomatic,110.0,280.0,False,normal,150.0,False,0.0,,,fixed defect,
143,52,Male,Cleveland,atypical angina,128.0,205.0,True,normal,184.0,False,0.0,upsloping,0.0,normal,0.0
854,68,Male,VA Long Beach,typical angina,,181.0,True,st-t abnormality,,,,,,,
111,61,Female,Cleveland,asymptomatic,145.0,307.0,False,lv hypertrophy,146.0,True,1.0,flat,0.0,reversable defect,1.0
845,62,Male,VA Long Beach,non-anginal,,204.0,False,st-t abnormality,,,,,,,1.0
265,61,Male,Cleveland,asymptomatic,138.0,166.0,False,lv hypertrophy,125.0,True,3.6,flat,1.0,normal,4.0
177,52,Male,Cleveland,asymptomatic,108.0,233.0,True,normal,147.0,False,0.1,upsloping,3.0,reversable defect,0.0
893,67,Male,VA Long Beach,asymptomatic,140.0,219.0,False,st-t abnormality,122.0,True,2.0,flat,,reversable defect,
311,32,Male,Hungary,atypical angina,125.0,254.0,False,normal,155.0,False,0.0,,,,0.0
717,70,Male,Switzerland,asymptomatic,140.0,0.0,True,normal,157.0,True,2.0,flat,,reversable defect,3.0
810,55,Male,VA Long Beach,non-anginal,,245.0,True,st-t abnormality,,,,,,,1.0
63,58,Male,Cleveland,asymptomatic,128.0,216.0,False,lv hypertrophy,131.0,True,2.2,flat,3.0,reversable defect,
102,34,Male,Cleveland,typical angina,118.0,182.0,False,lv hypertrophy,174.0,False,0.0,upsloping,0.0,normal,0.0
852,61,Male,VA Long Beach,typical angina,142.0,200.0,True,st-t abnormality,100.0,False,1.5,downsloping,,,3.0
252,58,Male,Cleveland,asymptomatic,146.0,218.0,False,normal,105.0,False,2.0,flat,1.0,reversable defect,1.0
635,52,Male,Switzerland,asymptomatic,135.0,0.0,,normal,128.0,True,2.0,flat,,reversable defect,2.0
346,40,Male,Hungary,non-anginal,130.0,215.0,False,normal,138.0,False,0.0,,,,0.0
639,53,Male,Switzerland,atypical angina,130.0,0.0,,st-t abnormality,120.0,False,0.7,downsloping,,,
412,49,Male,Hungary,asymptomatic,140.0,,False,normal,130.0,False,0.0,,,,0.0
568,52,Male,Hungary,asymptomatic,160.0,246.0,False,st-t abnormality,82.0,True,4.0,flat,,,1.0
517,50,Male,Hungary,asymptomatic,145.0,264.0,False,normal,150.0,False,0.0,,,,1.0
375,45,Female,Hungary,atypical angina,130.0,237.0,False,normal,170.0,False,0.0,,,,0.0
496,36,Male,Hungary,atypical angina,120.0,267.0,False,normal,160.0,False,3.0,flat,,,1.0
787,67,Male,VA Long Beach,typical angina,142.0,270.0,True,normal,125.0,False,2.5,upsloping,,,3.0
47,51,Male,Cleveland,non-anginal,110.0,175.0,False,normal,123.0,False,0.6,upsloping,0.0,normal,0.0
391,47,Male,Hungary,typical angina,110.0,249.0,False,normal,150.0,False,0.0,,,,0.0
677,60,Male,Switzerland,asymptomatic,130.0,0.0,,st-t abnormality,130.0,True,1.1,downsloping,1.0,,1.0
322,36,Male,Hungary,non-anginal,130.0,209.0,False,normal,178.0,False,0.0,,,,0.0
912,62,Male,VA Long Beach,asymptomatic,160.0,254.0,True,st-t abnormality,108.0,True,3.0,flat,,,4.0
20,49,Male,Cleveland,atypical angina,130.0,266.0,False,normal,171.0,False,0.6,upsloping,0.0,normal,0.0
217,46,Female,Cleveland,atypical angina,105.0,204.0,False,normal,172.0,False,0.0,upsloping,0.0,normal,0.0
148,41,Male,Cleveland,non-anginal,112.0,250.0,False,normal,179.0,False,0.0,upsloping,0.0,normal,
853,66,Male,VA Long Beach,asymptomatic,112.0,261.0,False,normal,140.0,False,1.5,upsloping,,,1.0
630,51,Male,Switzerland,asymptomatic,130.0,0.0,,normal,170.0,False,-0.7,upsloping,,,2.0
166,57,Male,Cleveland,asymptomatic,132.0,207.0,False,normal,168.0,True,0.0,upsloping,0.0,reversable defect,
479,58,Male,Hungary,atypical angina,130.0,251.0,False,normal,110.0,False,0.0,,,,0.0
825,64,Male,VA Long Beach,asymptomatic,130.0,223.0,False,st-t abnormality,128.0,False,0.5,flat,,,0.0
594,54,Female,Hungary,non-anginal,130.0,294.0,False,st-t abnormality,100.0,True,0.0,flat,,,1.0
455,54,Male,Hungary,atypical angina,160.0,195.0,False,st-t abnormality,130.0,False,1.0,upsloping,,,
407,49,Female,Hungary,atypical angina,124.0,201.0,False,normal,164.0,False,0.0,,,,
105,49,Male,Cleveland,non-anginal,120.0,188.0,False,normal,139.0,False,2.0,flat,3.0,reversable defect,3.0
487,60,Male,Hungary,non-anginal,120.0,246.0,False,lv hypertrophy,135.0,False,0.0,,,,0.0
664,57,Male,Switzerland,asymptomatic,140.0,0.0,,normal,100.0,True,0.0,,,fixed defect,3.0
251,57,Male,Cleveland,asymptomatic,110.0,201.0,False,normal,126.0,True,1.5,flat,0.0,fixed defect,0.0
841,62,Male,VA Long Beach,non-anginal,,0.0,True,st-t abnormality,,,,,,,
476,57,Female,Hungary,asymptomatic,180.0,347.0,False,st-t abnormality,126.0,True,0.8,flat,,,0.0
817,35,Male,VA Long Beach,non-anginal,,161.0,False,st-t abnormality,,,,,,,0.0
801,58,Male,VA Long Beach,asymptomatic,132.0,458.0,True,normal,69.0,False,1.0,downsloping,,,
511,48,Male,Hungary,asymptomatic,120.0,260.0,False,normal,115.0,False,2.0,flat,,,
96,52,Male,Cleveland,asymptomatic,128.0,255.0,False,normal,161.0,True,0.0,upsloping,1.0,reversable defect,
393,47,Male,Hungary,asymptomatic,140.0,276.0,True,normal,125.0,True,0.0,,,,0.0
151,52,Male,Cleveland,typical angina,152.0,298.0,True,normal,178.0,False,1.2,flat,0.0,reversable defect,0.0
513,49,Female,Hungary,non-anginal,160.0,180.0,False,normal,156.0,False,1.0,flat,,,1.0
392,47,Male,Hungary,atypical angina,160.0,263.0,False,normal,174.0,False,0.0,,,,0.0
239,49,Female,Cleveland,atypical angina,134.0,271.0,False,normal,162.0,False,0.0,flat,0.0,normal,0.0
460,55,Female,Hungary,atypical angina,110.0,344.0,False,st-t abnormality,160.0,False,0.0,,,,0.0
608,40,Male,Switzerland,asymptomatic,95.0,0.0,,st-t abnormality,144.0,False,0.0,upsloping,,,2.0
428,52,Female,Hungary,atypical angina,140.0,,False,normal,140.0,False,0.0,,,,
78,51,Female,Cleveland,non-anginal,140.0,308.0,False,lv hypertrophy,142.0,False,1.5,upsloping,1.0,normal,0.0
122,63,Female,Cleveland,asymptomatic,150.0,407.0,False,lv hypertrophy,154.0,False,4.0,flat,3.0,reversable defect,
646,54,Male,Switzerland,asymptomatic,120.0,0.0,False,normal,155.0,False,0.0,flat,,reversable defect,2.0
162,77,Male,Cleveland,asymptomatic,125.0,304.0,False,lv hypertrophy,162.0,True,0.0,upsloping,3.0,normal,
843,54,Male,VA Long Beach,asymptomatic,130.0,202.0,True,normal,112.0,True,2.0,flat,,,
380,45,Male,Hungary,asymptomatic,120.0,225.0,False,normal,140.0,False,0.0,,,,
285,61,Male,Cleveland,asymptomatic,148.0,203.0,False,normal,161.0,False,0.0,upsloping,1.0,reversable defect,2.0
147,57,Male,Cleveland,asymptomatic,165.0,289.0,True,lv hypertrophy,124.0,False,1.0,flat,3.0,reversable defect,4.0
771,55,Male,VA Long Beach,non-anginal,120.0,0.0,False,st-t abnormality,125.0,True,2.5,flat,,reversable defect,1.0
802,61,Male,VA Long Beach,asymptomatic,146.0,241.0,False,normal,148.0,True,3.0,downsloping,,,2.0
526,60,Male,Hungary,asymptomatic,100.0,248.0,False,normal,125.0,False,1.0,flat,,,1.0
644,53,Male,Switzerland,asymptomatic,130.0,0.0,False,lv hypertrophy,135.0,True,1.0,flat,,reversable defect,
449,54,Female,Hungary,atypical angina,150.0,230.0,False,normal,130.0,False,0.0,,,,0.0
890,57,Male,VA Long Beach,atypical angina,180.0,285.0,True,st-t abnormality,120.0,False,0.8,,,,1.0
569,53,Male,Hungary,non-anginal,145.0,518.0,False,normal,130.0,False,0.0,,,,1.0
79,48,Male,Cleveland,atypical angina,130.0,245.0,False,lv hypertrophy,180.0,False,0.2,flat,0.0,normal,
247,58,Male,Cleveland,asymptomatic,100.0,234.0,False,normal,156.0,False,0.1,upsloping,1.0,reversable defect,2.0
19,48,Female,Cleveland,non-anginal,130.0,275.0,False,normal,139.0,False,0.2,upsloping,0.0,normal,0.0
51,41,Female,Cleveland,atypical angina,105.0,198.0,False,normal,168.0,False,0.0,upsloping,1.0,normal,0.0
419,50,Male,Hungary,asymptomatic,150.0,215.0,False,normal,140.0,True,0.0,,,,0.0
625,50,Male,Switzerland,asymptomatic,120.0,0.0,False,st-t abnormality,156.0,True,0.0,upsloping,,fixed defect,3.0
609,41,Male,Switzerland,asymptomatic,125.0,0.0,,normal,176.0,False,1.6,upsloping,,,2.0
868,55,Male,VA Long Beach,asymptomatic,,204.0,True,st-t abnormality,,,,,,,1.0
548,54,Male,Hungary,asymptomatic,140.0,,False,normal,118.0,True,0.0,,,,
418,50,Male,Hungary,asymptomatic,140.0,129.0,False,normal,135.0,False,0.0,,,,0.0
275,59,Male,Cleveland,typical angina,134.0,204.0,False,normal,162.0,False,0.8,upsloping,2.0,normal,1.0
377,45,Female,Hungary,asymptomatic,132.0,297.0,False,normal,144.0,False,0.0,,,,
116,41,Male,Cleveland,atypical angina,135.0,203.0,False,normal,132.0,False,0.0,flat,0.0,fixed defect,0.0
288,58,Male,Cleveland,atypical angina,125.0,220.0,False,normal,144.0,False,0.4,flat,,reversable defect,0.0
319,35,Male,Hungary,atypical angina,150.0,264.0,False,normal,168.0,False,0.0,,,,
341,39,Male,Hungary,non-anginal,160.0,147.0,True,normal,160.0,False,0.0,,,,0.0
261,44,Female,Cleveland,non-anginal,118.0,242.0,False,normal,149.0,False,0.3,flat,1.0,normal,0.0
678,60,Male,Switzerland,asymptomatic,135.0,0.0,False,normal,63.0,True,0.5,upsloping,,reversable defect,3.0
626,50,Male,Switzerland,asymptomatic,145.0,0.0,,normal,139.0,True,0.7,flat,,,1.0
504,43,Male,Hungary,asymptomatic,150.0,247.0,False,normal,130.0,True,2.0,flat,,,1.0
332,38,Male,Hungary,atypical angina,140.0,297.0,False,normal,150.0,False,0.0,,,,0.0
658,56,Male,Switzerland,asymptomatic,120.0,0.0,False,st-t abnormality,148.0,False,0.0,flat,,,2.0
633,51,Male,Switzerland,asymptomatic,95.0,0.0,,normal,126.0,False,2.2,flat,,,2.0
750,55,Male,VA Long Beach,non-anginal,,228.0,False,st-t abnormality,,,,,,,
803,67,Male,VA Long Beach,asymptomatic,160.0,384.0,True,st-t abnormality,130.0,True,0.0,flat,,,
404,48,Male,Hungary,non-anginal,110.0,211.0,False,normal,138.0,False,0.0,,,fixed defect,0.0
230,66,Male,Cleveland,asymptomatic,112.0,212.0,False,lv hypertrophy,132.0,True,0.1,upsloping,1.0,normal,2.0
268,59,Male,Cleveland,non-anginal,126.0,218.0,True,normal,134.0,False,2.2,flat,1.0,fixed defect,2.0
376,45,Female,Hungary,atypical angina,180.0,,False,normal,180.0,False,0.0,,,,0.0
27,58,Female,Cleveland,non-anginal,120.0,340.0,False,normal,172.0,False,0.0,upsloping,0.0,normal,0.0
475,57,Female,Hungary,typical angina,130.0,308.0,False,normal,98.0,False,1.0,flat,,,0.0
777,53,Male,VA Long Beach,asymptomatic,154.0,0.0,,st-t abnormality,140.0,True,1.5,flat,,,2.0
694,62,Male,Switzerland,asymptomatic,115.0,0.0,,normal,128.0,True,2.5,downsloping,,,
871,41,Male,VA Long Beach,asymptomatic,150.0,171.0,False,normal,128.0,True,1.5,flat,,,
827,50,Male,VA Long Beach,asymptomatic,144.0,349.0,False,lv hypertrophy,120.0,True,1.0,upsloping,,reversable defect,1.0
185,60,Female,Cleveland,asymptomatic,158.0,305.0,False,lv hypertrophy,161.0,False,0.0,upsloping,0.0,normal,1.0
39,55,Male,Cleveland,asymptomatic,132.0,353.0,False,normal,132.0,True,1.2,flat,1.0,reversable defect,3.0
584,43,Male,Hungary,asymptomatic,140.0,288.0,False,normal,135.0,True,2.0,flat,,,1.0
425,51,Male,Hungary,atypical angina,130.0,224.0,False,normal,150.0,False,0.0,,,,0.0
734,63,Male,VA Long Beach,non-anginal,,0.0,False,lv hypertrophy,,,,,,,1.0
110,39,Male,Cleveland,asymptomatic,118.0,219.0,False,normal,140.0,False,1.2,flat,0.0,reversable defect,3.0
497,37,Male,Hungary,asymptomatic,140.0,207.0,False,normal,130.0,True,1.5,flat,,,1.0
220,59,Male,Cleveland,asymptomatic,138.0,271.0,False,lv hypertrophy,182.0,False,0.0,upsloping,0.0,normal,0.0
199,50,Female,Cleveland,atypical angina,120.0,244.0,False,normal,162.0,False,1.1,upsloping,0.0,normal,
89,53,Female,Cleveland,asymptomatic,138.0,234.0,False,lv hypertrophy,160.0,False,0.0,upsloping,0.0,normal,
354,41,Male,Hungary,atypical angina,125.0,269.0,False,normal,144.0,False,0.0,,,,0.0
474,56,Male,Hungary,asymptomatic,120.0,85.0,False,normal,140.0,False,0.0,,,,0.0
118,35,Female,Cleveland,asymptomatic,138.0,183.0,False,normal,182.0,False,1.4,upsloping,0.0,normal,
113,52,Male,Cleveland,typical angina,118.0,186.0,False,lv hypertrophy,190.0,False,0.0,flat,0.0,fixed defect,0.0
683,61,Male,Switzerland,asymptomatic,110.0,0.0,,normal,113.0,False,1.4,flat,,,
857,71,Male,VA Long Beach,non-anginal,,221.0,False,normal,,,,,,,
245,60,Female,Cleveland,non-anginal,120.0,178.0,True,normal,96.0,False,0.0,upsloping,0.0,normal,0.0
301,57,Male,Cleveland,asymptomatic,130.0,131.0,False,normal,115.0,True,1.2,flat,1.0,reversable defect,
408,49,Female,Hungary,non-anginal,130.0,207.0,False,st-t abnormality,135.0,False,0.0,,,,
382,46,Female,Hungary,asymptomatic,130.0,238.0,False,normal,90.0,False,0.0,,,,
870,61,Male,VA Long Beach,asymptomatic,,292.0,False,st-t abnormality,,,,,,,3.0
667,58,Male,Switzerland,asymptomatic,115.0,0.0,,normal,138.0,False,0.5,upsloping,,,1.0
874,55,Male,VA Long Beach,asymptomatic,158.0,217.0,False,normal,110.0,True,2.5,flat,,,
905,57,Male,VA Long Beach,asymptomatic,130.0,207.0,False,st-t abnormality,96.0,True,1.0,flat,,,0.0
117,58,Male,Cleveland,non-anginal,140.0,211.0,True,lv hypertrophy,165.0,False,0.0,upsloping,0.0,normal,0.0
716,70,Male,Switzerland,asymptomatic,115.0,0.0,False,st-t abnormality,92.0,True,0.0,flat,,reversable defect,1.0
549,54,Male,Hungary,asymptomatic,200.0,198.0,False,normal,142.0,True,2.0,flat,,,1.0
842,74,Male,VA Long Beach,asymptomatic,150.0,258.0,True,st-t abnormality,130.0,True,4.0,downsloping,,,3.0
480,58,Male,Hungary,non-anginal,140.0,179.0,False,normal,160.0,False,0.0,,,,0.0
846,76,Male,VA Long Beach,non-anginal,104.0,,False,lv hypertrophy,120.0,False,3.5,downsloping,,,
426,51,Male,Hungary,asymptomatic,130.0,179.0,False,normal,100.0,False,0.0,,,reversable defect,
628,51,Male,Switzerland,asymptomatic,110.0,0.0,,normal,92.0,False,0.0,flat,,,4.0
137,70,Male,Cleveland,asymptomatic,145.0,174.0,False,normal,125.0,True,2.6,downsloping,0.0,reversable defect,
194,62,Female,Cleveland,asymptomatic,138.0,294.0,True,normal,106.0,False,1.9,flat,3.0,normal,2.0
423,51,Female,Hungary,non-anginal,150.0,200.0,False,normal,120.0,False,0.5,upsloping,,,0.0
498,38,Male,Hungary,asymptomatic,110.0,196.0,False,normal,166.0,False,0.0,,,,
181,48,Male,Cleveland,asymptomatic,124.0,274.0,False,lv hypertrophy,166.0,False,0.5,flat,0.0,reversable defect,3.0
135,43,Female,Cleveland,non-anginal,122.0,213.0,False,normal,165.0,False,0.2,flat,0.0,normal,0.0
195,68,Female,Cleveland,non-anginal,120.0,211.0,False,lv hypertrophy,115.0,False,1.5,flat,0.0,normal,
508,47,Male,Hungary,non-anginal,140.0,193.0,False,normal,145.0,True,1.0,flat,,,
692,62,Male,Switzerland,typical angina,120.0,0.0,,lv hypertrophy,134.0,False,-0.8,flat,2.0,,1.0
206,45,Male,Cleveland,asymptomatic,142.0,309.0,False,lv hypertrophy,147.0,True,0.0,flat,3.0,reversable defect,
173,59,Female,Cleveland,asymptomatic,174.0,249.0,False,normal,143.0,True,0.0,flat,0.0,normal,1.0
389,47,Female,Hungary,atypical angina,140.0,257.0,False,normal,135.0,False,1.0,upsloping,,,0.0
92,62,Female,Cleveland,asymptomatic,160.0,164.0,False,lv hypertrophy,145.0,False,6.2,downsloping,3.0,reversable defect,3.0
201,50,Female,Cleveland,asymptomatic,110.0,254.0,False,lv hypertrophy,159.0,False,0.0,upsloping,0.0,normal,0.0
894,74,Male,VA Long Beach,non-anginal,140.0,237.0,True,normal,94.0,False,0.0,,,,1.0
417,50,Male,Hungary,atypical angina,170.0,209.0,False,st-t abnormality,116.0,False,0.0,,,,
767,59,Male,VA Long Beach,asymptomatic,122.0,233.0,False,normal,117.0,True,1.3,downsloping,,,1.0
744,74,Male,VA Long Beach,non-anginal,,0.0,False,normal,,,,,,,
146,47,Male,Cleveland,non-anginal,108.0,243.0,False,normal,152.0,False,0.0,upsloping,0.0,normal,
746,69,Male,VA Long Beach,asymptomatic,130.0,0.0,True,st-t abnormality,129.0,False,1.0,flat,,fixed defect,2.0
752,77,Male,VA Long Beach,asymptomatic,124.0,171.0,False,st-t abnormality,110.0,True,2.0,upsloping,,,3.0
441,53,Male,Hungary,asymptomatic,124.0,260.0,False,st-t abnormality,112.0,True,3.0,flat,,,0.0
80,58,Male,Cleveland,asymptomatic,150.0,270.0,False,lv hypertrophy,111.0,True,0.8,upsloping,0.0,reversable defect,3.0
169,35,Male,Cleveland,asymptomatic,126.0,282.0,False,lv hypertrophy,156.0,True,0.0,upsloping,0.0,reversable defect,1.0
97,59,Male,Cleveland,asymptomatic,110.0,239.0,False,lv hypertrophy,142.0,True,1.2,flat,1.0,reversable defect,
145,58,Male,Cleveland,non-anginal,105.0,240.0,False,lv hypertrophy,154.0,True,0.6,flat,0.0,reversable defect,
272,66,Male,Cleveland,asymptomatic,160.0,228.0,False,lv hypertrophy,138.0,False,2.3,upsloping,0.0,fixed defect,0.0
369,43,Female,Hungary,non-anginal,150.0,,False,normal,175.0,False,0.0,,,normal,
234,74,Female,Cleveland,atypical angina,120.0,269.0,False,lv hypertrophy,121.0,True,0.2,upsloping,1.0,normal,
631,51,Male,Switzerland,asymptomatic,130.0,0.0,,st-t abnormality,163.0,False,0.0,,,reversable defect,1.0
440,53,Male,Hungary,non-anginal,120.0,195.0,False,normal,140.0,False,0.0,,,,0.0
214,66,Female,Cleveland,asymptomatic,178.0,228.0,True,normal,165.0,True,1.0,flat,2.0,reversable defect,3.0
505,46,Male,Hungary,asymptomatic,110.0,202.0,False,normal,150.0,True,0.0,,,,
190,69,Male,Cleveland,non-anginal,140.0,254.0,False,lv hypertrophy,146.0,False,2.0,flat,3.0,reversable defect,2.0
684,61,Male,Switzerland,asymptomatic,125.0,0.0,False,normal,105.0,True,0.0,downsloping,,reversable defect,3.0
273,46,Male,Cleveland,asymptomatic,140.0,311.0,False,normal,120.0,True,1.8,flat,2.0,reversable defect,2.0
164,58,Female,Cleveland,asymptomatic,100.0,248.0,False,lv hypertrophy,122.0,False,1.0,flat,0.0,normal,0.0
806,63,Male,VA Long Beach,asymptomatic,130.0,308.0,False,normal,138.0,True,2.0,flat,,,2.0
709,66,Female,Switzerland,asymptomatic,155.0,0.0,,normal,90.0,False,0.0,,,reversable defect,
898,64,Male,VA Long Beach,asymptomatic,130.0,258.0,True,lv hypertrophy,130.0,False,0.0,,,fixed defect,2.0
222,54,Female,Cleveland,non-anginal,108.0,267.0,False,lv hypertrophy,167.0,False,0.0,upsloping,0.0,normal,
226,34,Female,Cleveland,atypical angina,118.0,210.0,False,normal,192.0,False,0.7,upsloping,0.0,normal,0.0
539,48,Male,Hungary,asymptomatic,160.0,329.0,False,normal,92.0,True,1.5,flat,,,
182,56,Female,Cleveland,asymptomatic,134.0,409.0,False,lv hypertrophy,150.0,True,1.9,flat,2.0,reversable defect,
290,56,Male,Cleveland,atypical angina,120.0,240.0,False,normal,169.0,False,0.0,downsloping,0.0,normal,0.0
295,63,Female,Cleveland,asymptomatic,124.0,197.0,False,normal,136.0,True,0.0,flat,0.0,normal,1.0
399,48,Female,Hungary,asymptomatic,120.0,254.0,False,st-t abnormality,110.0,False,0.0,,,,0.0
530,38,Male,Hungary,asymptomatic,110.0,,False,normal,150.0,True,1.0,flat,,,1.0
769,59,Male,VA Long Beach,non-anginal,,0.0,False,normal,128.0,True,2.0,downsloping,,,
38,57,Male,Cleveland,asymptomatic,150.0,276.0,False,lv hypertrophy,112.0,True,0.6,flat,1.0,fixed defect,
342,39,Male,Hungary,asymptomatic,110.0,273.0,False,normal,132.0,False,0.0,,,,0.0
574,55,Male,Hungary,asymptomatic,145.0,248.0,False,normal,96.0,True,2.0,flat,,,1.0
281,57,Male,Cleveland,asymptomatic,110.0,335.0,False,normal,143.0,True,3.0,flat,1.0,reversable defect,2.0
477,57,Male,Hungary,atypical angina,140.0,260.0,True,normal,140.0,False,0.0,,,fixed defect,0.0
357,42,Male,Hungary,atypical angina,120.0,196.0,False,normal,150.0,False,0.0,,,,0.0
613,43,Male,Switzerland,asymptomatic,115.0,0.0,False,normal,145.0,True,2.0,flat,,reversable defect,4.0
81,45,Male,Cleveland,asymptomatic,104.0,208.0,False,lv hypertrophy,148.0,True,3.0,flat,0.0,normal,0.0
611,42,Male,Switzerland,asymptomatic,145.0,0.0,False,normal,99.0,True,0.0,flat,,,2.0
790,63,Male,VA Long Beach,atypical angina,,217.0,True,st-t abnormality,,,,,,,1.0
267,52,Male,Cleveland,asymptomatic,128.0,204.0,True,normal,156.0,True,1.0,flat,0.0,,2.0
53,44,Male,Cleveland,asymptomatic,112.0,290.0,False,lv hypertrophy,153.0,False,0.0,upsloping,1.0,normal,2.0
779,62,Male,VA Long Beach,atypical angina,,0.0,False,normal,,,,,,,0.0
881,62,Male,VA Long Beach,asymptomatic,,170.0,False,st-t abnormality,120.0,True,3.0,,,,4.0
712,68,Male,Switzerland,asymptomatic,135.0,0.0,False,st-t abnormality,120.0,True,0.0,upsloping,,reversable defect,3.0
385,46,Male,Hungary,non-anginal,150.0,163.0,,normal,116.0,False,0.0,,,,0.0
797,49,Male,VA Long Beach,typical angina,130.0,0.0,False,st-t abnormality,145.0,False,3.0,flat,,,
521,54,Male,Hungary,asymptomatic,125.0,224.0,False,normal,122.0,False,2.0,flat,,,1.0
233,49,Male,Cleveland,non-anginal,118.0,149.0,False,lv hypertrophy,126.0,False,0.8,upsloping,3.0,normal,1.0
25,60,Male,Cleveland,asymptomatic,130.0,206.0,False,lv hypertrophy,132.0,True,2.4,flat,2.0,reversable defect,4.0
796,75,Male,VA Long Beach,asymptomatic,170.0,203.0,True,st-t abnormality,108.0,False,0.0,,,reversable defect,1.0
171,70,Male,Cleveland,non-anginal,160.0,269.0,False,normal,112.0,True,2.9,flat,1.0,reversable defect,3.0
125,65,Male,Cleveland,typical angina,138.0,282.0,True,lv hypertrophy,174.0,False,1.4,flat,1.0,normal,1.0
473,56,Male,Hungary,non-anginal,130.0,276.0,False,normal,128.0,True,1.0,upsloping,,fixed defect,0.0
906,61,Male,VA Long Beach,non-anginal,,284.0,False,normal,,,,,,,1.0
429,52,Female,Hungary,non-anginal,125.0,272.0,False,normal,139.0,False,0.0,,,,0.0
18,54,Male,Cleveland,asymptomatic,140.0,239.0,False,normal,160.0,False,1.2,upsloping,0.0,normal,
819,43,Male,VA Long Beach,asymptomatic,122.0,0.0,False,normal,120.0,False,0.5,upsloping,,,1.0
430,52,Female,Hungary,asymptomatic,130.0,180.0,False,normal,140.0,True,1.5,flat,,,0.0
202,64,Female,Cleveland,asymptomatic,180.0,325.0,False,normal,154.0,True,0.0,upsloping,0.0,normal,0.0
855,55,Male,VA Long Beach,asymptomatic,172.0,260.0,False,normal,73.0,False,2.0,,,,
897,61,Male,VA Long Beach,asymptomatic,190.0,287.0,True,lv hypertrophy,150.0,True,2.0,downsloping,,,4.0
44,59,Male,Cleveland,non-anginal,150.0,212.0,True,normal,157.0,False,1.6,upsloping,0.0,normal,
134,51,Male,Cleveland,asymptomatic,140.0,261.0,False,lv hypertrophy,186.0,True,0.0,upsloping,0.0,normal,0.0
257,67,Female,Cleveland,asymptomatic,106.0,223.0,False,normal,142.0,False,0.3,upsloping,2.0,normal,0.0
6,56,Male,Cleveland,atypical angina,120.0,236.0,False,normal,178.0,False,0.8,upsloping,0.0,normal,0.0
600,35,Male,Switzerland,asymptomatic,,0.0,,normal,130.0,True,,,,reversable defect,3.0
284,35,Male,Cleveland,atypical angina,122.0,192.0,False,normal,174.0,False,0.0,upsloping,0.0,normal,0.0
537,48,Male,Hungary,asymptomatic,122.0,275.0,True,st-t abnormality,150.0,True,2.0,downsloping,,,1.0
373,44,Male,Hungary,atypical angina,130.0,215.0,False,normal,135.0,False,0.0,,,,
132,51,Male,Cleveland,non-anginal,94.0,227.0,False,normal,154.0,True,0.0,upsloping,1.0,reversable defect,0.0
248,47,Male,Cleveland,asymptomatic,110.0,275.0,False,lv hypertrophy,118.0,True,1.0,flat,1.0,normal,1.0
736,62,Male,VA Long Beach,asymptomatic,120.0,220.0,False,st-t abnormality,86.0,False,0.0,,,,
386,46,Male,Hungary,asymptomatic,110.0,238.0,False,st-t abnormality,140.0,True,1.0,flat,,normal,0.0
144,64,Male,Cleveland,non-anginal,125.0,309.0,False,normal,131.0,True,1.8,flat,0.0,reversable defect,1.0
48,50,Male,Cleveland,asymptomatic,150.0,243.0,False,lv hypertrophy,128.0,False,2.6,flat,0.0,reversable defect,4.0
11,57,Male,Cleveland,asymptomatic,140.0,192.0,False,normal,148.0,False,0.4,flat,0.0,fixed defect,
170,45,Female,Cleveland,atypical angina,112.0,160.0,False,normal,138.0,False,0.0,flat,0.0,normal,0.0
383,46,Male,Hungary,atypical angina,140.0,275.0,False,normal,165.0,True,0.0,,,,
196,67,Male,Cleveland,asymptomatic,100.0,299.0,False,lv hypertrophy,125.0,True,0.9,flat,2.0,normal,3.0
61,51,Female,Cleveland,asymptomatic,130.0,305.0,False,normal,142.0,True,1.2,flat,0.0,reversable defect,2.0
519,52,Male,Hungary,asymptomatic,130.0,225.0,False,normal,120.0,True,2.0,flat,,,
713,68,Male,Switzerland,asymptomatic,145.0,0.0,,normal,136.0,False,1.8,upsloping,,,1.0
671,59,Male,Switzerland,asymptomatic,110.0,0.0,,normal,94.0,False,0.0,,,fixed defect,
339,39,Male,Hungary,atypical angina,190.0,241.0,False,normal,106.0,False,0.0,,,,
754,55,Male,VA Long Beach,non-anginal,0.0,0.0,False,normal,155.0,False,1.5,flat,,,
512,48,Male,Hungary,asymptomatic,160.0,268.0,False,normal,103.0,True,1.0,flat,,,1.0
50,53,Male,Cleveland,non-anginal,130.0,197.0,True,lv hypertrophy,152.0,False,1.2,downsloping,0.0,normal,0.0
326,37,Female,Hungary,asymptomatic,130.0,173.0,False,st-t abnormality,184.0,False,0.0,,,,0.0
634,52,Male,Switzerland,asymptomatic,130.0,0.0,,normal,120.0,False,0.0,flat,,reversable defect,2.0
723,60,Male,VA Long Beach,asymptomatic,132.0,218.0,False,st-t abnormality,140.0,True,1.5,downsloping,,,2.0
93,62,Male,Cleveland,non-anginal,130.0,231.0,False,normal,146.0,False,1.8,flat,3.0,reversable defect,
180,53,Male,Cleveland,non-anginal,130.0,246.0,True,lv hypertrophy,173.0,False,0.0,upsloping,3.0,normal,0.0
858,74,Male,VA Long Beach,typical angina,,216.0,True,normal,,,,,,,3.0
886,48,Male,VA Long Beach,asymptomatic,140.0,,False,normal,159.0,True,1.5,upsloping,,,3.0
241,41,Male,Cleveland,atypical angina,110.0,235.0,False,normal,153.0,False,0.0,upsloping,0.0,normal,0.0
546,54,Male,Hungary,asymptomatic,130.0,242.0,False,normal,91.0,True,1.0,flat,,,1.0
240,42,Male,Cleveland,atypical angina,120.0,295.0,False,normal,162.0,False,0.0,upsloping,0.0,normal,0.0
462,55,Female,Hungary,atypical angina,130.0,394.0,False,lv hypertrophy,150.0,False,0.0,,,,0.0
690,62,Female,Switzerland,typical angina,140.0,0.0,,normal,143.0,False,0.0,,,normal,2.0
919,58,Male,VA Long Beach,asymptomatic,,385.0,True,lv hypertrophy,,,,,,,
443,53,Male,Hungary,asymptomatic,140.0,243.0,False,normal,155.0,False,0.0,,,,0.0
229,54,Male,Cleveland,asymptomatic,110.0,206.0,False,lv hypertrophy,108.0,True,0.0,flat,1.0,normal,3.0
829,55,Male,VA Long Beach,asymptomatic,150.0,160.0,False,st-t abnormality,150.0,False,0.0,,,,0.0
899,58,Male,VA Long Beach,asymptomatic,160.0,256.0,True,lv hypertrophy,113.0,True,1.0,upsloping,,,
197,69,Male,Cleveland,typical angina,160.0,234.0,True,lv hypertrophy,131.0,False,0.1,flat,1.0,normal,0.0
572,55,Male,Hungary,typical angina,140.0,295.0,False,,136.0,False,0.0,,,,1.0
861,75,Male,VA Long Beach,asymptomatic,160.0,310.0,True,normal,112.0,True,2.0,downsloping,,reversable defect,0.0
816,63,Male,VA Long Beach,asymptomatic,160.0,267.0,True,st-t abnormality,88.0,True,2.0,,,,3.0
714,69,Male,Switzerland,asymptomatic,135.0,0.0,False,normal,130.0,False,0.0,flat,,fixed defect,1.0
708,65,Male,Switzerland,asymptomatic,160.0,0.0,True,st-t abnormality,122.0,False,,,,reversable defect,3.0
627,51,Female,Switzerland,asymptomatic,120.0,0.0,,normal,127.0,True,1.5,upsloping,,,
726,66,Male,VA Long Beach,non-anginal,120.0,0.0,False,st-t abnormality,120.0,False,-0.5,upsloping,,,0.0
629,51,Male,Switzerland,asymptomatic,120.0,0.0,True,normal,104.0,False,0.0,flat,,normal,3.0
367,43,Female,Hungary,atypical angina,120.0,266.0,False,normal,118.0,False,0.0,,,,0.0
414,50,Female,Hungary,asymptomatic,120.0,328.0,False,normal,110.0,True,1.0,flat,,,0.0
589,49,Male,Hungary,asymptomatic,150.0,222.0,False,normal,122.0,False,2.0,flat,,,
809,62,Male,VA Long Beach,asymptomatic,158.0,210.0,True,normal,112.0,True,3.0,downsloping,,,1.0
660,56,Male,Switzerland,asymptomatic,140.0,0.0,,normal,121.0,True,1.8,upsloping,,,
141,59,Male,Cleveland,atypical angina,140.0,221.0,False,normal,164.0,True,0.0,upsloping,0.0,normal,
348,40,Male,Hungary,non-anginal,140.0,,False,normal,188.0,False,0.0,,,,0.0
40,61,Male,Cleveland,non-anginal,150.0,243.0,True,normal,137.0,True,1.0,flat,0.0,normal,0.0
520,54,Male,Hungary,asymptomatic,125.0,216.0,False,normal,140.0,False,0.0,,,,1.0
291,67,Male,Cleveland,non-anginal,152.0,212.0,False,lv hypertrophy,150.0,False,0.8,flat,0.0,reversable defect,1.0
